{"ViVo-PR": [6.739999999999998, 14.395277003239638], "FESTIVE-PR": [18.6, 27.579264674751574], "ViVo-GT": [7.13, 16.20869960413675], "FESTIVE-GT": [16.10666666666667, 27.900181122470634]}