{"ViVo-PR": [-0.016419127747252737, 0.07314116700906152], "FESTIVE-PR": [-0.02275068681318637, 0.13010677242140847], "ViVo-GT": [-0.006696428571428659, 0.05019008915451787], "FESTIVE-GT": [-0.26880151098901045, 0.789758811034094]}