{"w/o HO\n(fastMPC)": [215.86175679254887, 47.742069943232195], "w/ HO\n(fastMPC)": [309.1481647696228, 216.0730387775525], "w/ HO\n(fastMPC-PR)": [119.67756785677335, 44.337431819122195], "w/o HO\n(fastMPC-PR)": [177.84933365528482, 69.63827183258113]}