{"fastMPCHO": [0.3267742346352751, 0.8440308052603136, 0.08272702830865752, 0.07343113454550865], 
    "robustMPCHO": [0.47305666470164864, 0.7415706990724605, 0.12181742559664666, 0.09157310170950378], 
    "RBHOGT": [0.23066445790686707, 0.4931079639150258, 0.01946516790743752, 0.1823929291809035], 
    "robustMPC": [0.7234322837919706, 0.7447630144077337, 0.5462646323700534, 0.07605129012600145], 
    "fastMPCGT": [0.2689730728456266, 0.85003314487561, 0.10756444886211278, 0.07855411304740803], 
    "robustMPCGT": [0.3764327395532574, 0.7515028542189701, 0.11833744821157677, 0.08790581141139499], 
    "RB": [0.583106386902293, 0.4707749504593767, 0.3127969244364933, 0.17364516321818055], 
    "RBHO": [0.29890142361878186, 0.4897018555215277, 0.10183191722976062, 0.1737016521763178], 
    "fastMPC": [0.6251982665936048, 0.831040684460253, 0.1007502764996634, 0.07492584952546465]}